{"sigma_acf": [1.0, 0.476953777547274, 0.2311187076069641, 0.1059854140487179, 0.05176143371462835, 0.04140632452220823, 0.03267006194516108, 0.02911667612131299, 0.017852869389659947, 0.004953683026543149, 0.008585748085721285, 0.011522167132571622, 0.014738447508498679, 0.010413408378459837, 0.017841256900511564, 0.004403381903510505, -0.01319200004383775, -0.001664145204520329, -0.009329621367257231, -6.95113344996349e-05, 0.007526458309235395, 0.0073773802792176935, 0.006194173997070702, 0.00999244073635148, 0.012970686898807664, 0.015804603165869496, 0.00011246297146252389, 0.0175380798653932, 0.014123159821565326, 0.003497275163499444, -0.003182870251492531, -0.007921665143514132, 0.003104096457188227, 0.0021359833501853605, 0.011517266449855354, 0.018791601382656106, 0.015384056969304886, 0.011937470527452849, 0.014494441270775961, 0.012744436916554127, 0.01114521253104657], "x01_acf": [1.0, 0.8922764909905992, 0.8303977723701524, 0.7914174417716142, 0.7605669110654673, 0.7379984046250777, 0.7171035362405616, 0.6969915937430156, 0.6808947881786455, 0.6653811979632549, 0.6525248818780031, 0.6398515151499352, 0.6269180998018504, 0.6121769904216928, 0.6019443682128999, 0.5902164905482344, 0.5768932683429804, 0.5665339533155007, 0.5557605232951632, 0.5494205019778327, 0.5428335290578583, 0.5356189743275137, 0.531984700136147, 0.5230522683248178, 0.5163188734051544, 0.5120559173076513, 0.5085961911155756, 0.5052628305572203, 0.4996848844965009, 0.4910696242563043, 0.4849092397894357, 0.4782934693195419, 0.4746937263302291, 0.4711714444781299, 0.4700904306543729, 0.4677286715546599, 0.4652401370227306, 0.4640747438573261, 0.4602420032863478, 0.45880163582795297, 0.4572567185079935], "p_acf": [1.0, 0.8123572096831311, 0.7694713403712515, 0.7490126842045431, 0.7393503063988326, 0.7272130678152956, 0.7200897264407373, 0.7169354418452072, 0.7126584237914549, 0.7085808806537078, 0.7057453075927373, 0.701003020871104, 0.7011624085526982, 0.695370452550064, 0.6933006378096571, 0.685240503354485, 0.6802820050340211, 0.6749415578784184, 0.6696983366023057, 0.6668885695866216, 0.667451242460778, 0.6672160204093659, 0.6638688633293577, 0.6591482537386042, 0.6577655731600205, 0.6586568381890425, 0.6565171384005024, 0.6606766448705657, 0.6612471104604309, 0.6583886009614294, 0.652915760440015, 0.6501164626182807, 0.6547856052249598, 0.6491789655151347, 0.6419897360892316, 0.6377551310718526, 0.6382428689526738, 0.6376836172568165, 0.6339313813598779, 0.6288747599697311, 0.6323938474933507]}