{"exp3": [8.887450402913021e-10, 6.655350631501612e-10, 9.127254344556154e-10, 8.340337424467601e-10, 9.05379111320217e-10, 4.67089534949616e-10, 2.6578391597184418e-09, 4.397721471579042e-09, 1.471047591374365e-08, 1.3868046579302182e-09, 1.0256974042143856e-09, 1.4991187772383734e-09, 1.4407125104577126e-09, 8.218766791803944e-10, 2.046211143849237e-09, 1.335302623467326e-09, 1.3110522687744514e-09, 1.0425015846252839e-09, 7.573460078721894e-10, 2.788850058849521e-10, 1.3267995628553242e-09, 6.61316094407199e-10, 1.0558564661326305e-09, 9.867165686840951e-10], "exp4": [2.78534898617031e-09, 2.955280685533751e-09, 2.978172842270573e-09, 1.573160242564884e-09, 7.123917634600244e-09, 5.651498378250183e-09, 1.0410787567777702e-09, 1.9438517590071414e-09, 1.2290278406273525e-09]}