{"exp3": [-9.051222809868511, -9.176829059150243, -9.039659847037715, -9.078816378784325, -9.043169529658543, -9.330599862886801, -8.575471304115736, -8.356772280019973, -7.832373276737505, -8.857984708326578, -8.98898074357392, -8.82416395604058, -8.841422672606004, -9.085193342519991, -8.689049554457014, -8.874420297739174, -8.882379993597624, -8.98192327621656, -9.120705659499045, -9.5545748347353, -8.877194680240851, -9.179590907770567, -8.976395116085701, -9.005807579178184], "exp1": [-12.082978967212213, -11.935866444682405, -11.530273307118936, -12.067492382960165, -12.202779311431474, -12.231199563483116, -13.749971957276767, -11.804775013609808, -11.636980854078303, -12.426635266744643, -12.180466554571694, -12.305632329586457, -12.65289303062081, -12.566559526830382, -12.524725122863673, -12.907869719552096, -12.793531811569276, -13.370250387200036, -12.641462406620645, -13.041435383221945, -12.532599044180682, -12.836789676135103], "exp2": [-10.02309937960488, -10.065907440463388, -10.346186561695339, -10.100423277845554, -9.99608075493148, -9.913516262338094, -9.890054096107068, -9.971292020106215, -8.929955045760677, -10.16660060782031, -9.843149192925287, -9.998656231126692, -10.258901483513869, -10.123848745228983, -10.235830272145506, -10.687018639209004, -10.3722610781728, -10.658748845481675, -11.857267942992342, -14.207397321060848, -10.632669343803254], "exp4": [-8.555120382798075, -8.529401264566353, -8.526050100987444, -8.803227037759918, -8.147281110411125, -8.247836392687919, -8.982516415215471, -8.71133685808258, -8.910438279120148]}