{"y_q5": [2.887226557842887e-07, 5.004281423063149e-07, 8.713067045670778e-07, 1.520075103525781e-06, 2.6535490100789454e-06, 4.6350703376557705e-06, 8.099923920778807e-06, 1.4156458934944053e-05, 2.4753778805285922e-05, 4.325713067508965e-05, 7.561159036104219e-05, 0.0001321650266719221, 0.00023102807898792792, 0.00040379087797145797, 0.0007057895493105134, 0.001233740949993842, 0.002156096908316691, 0.0037682805638711886, 0.006585619706423948, 0.01150799374911573, 0.020106675183667357, 0.03512323540335334, 0.061349607831973116, 0.10716841423939652, 0.18716031916842982, 0.32690682002600235, 0.5708999492370123, 0.9967601687879579, 1.7405244357492338, 3.0383942816978804, 5.303561465874069, 9.257393965602828, 16.15948926296337, 28.206557175078913, 49.23351801764636], "f_data": [-2.9843912, -3.500936, -3.0409336, -3.1643357, -2.7622252, -2.7776258, -2.375027, -2.4586647, -1.8583272, -1.587549, -1.2040541, -1.0458095, -1.2144692, -0.824642, -0.41247588, -0.48210606, -0.45844397, -0.21189678, 0.034055337, 0.041924562, -0.02901786, -0.15696712, -0.052326653, 0.28021908, -0.11332465, 0.061460465, 0.5802092, 0.3371324, 0.7466435, 2.1853447, 4.4825053, 9.235721, 17.086393, 32.21566, 55.45563], "y_map": [2.9947663453447747e-07, 5.298523702631175e-07, 9.511974658720776e-07, 1.6726372698643976e-06, 2.9548601147751175e-06, 5.185867239726157e-06, 9.038598293819598e-06, 1.5868026354301518e-05, 2.7847564612190795e-05, 4.8923913171680714e-05, 8.562034286550855e-05, 0.00014961932850286088, 0.00026212150029013384, 0.00045882297222654407, 0.0008030285714825774, 0.0014043486481101761, 0.002458839015733774, 0.004301299274820379, 0.007526398918258265, 0.013170083066944874, 0.02304589982513287, 0.04033067905710562, 0.0705786766884515, 0.12351088182665045, 0.2161373506388188, 0.3782525315578464, 0.6619677312565584, 1.1584298273531464, 2.0272846002241027, 3.547708114009443, 6.208590878281363, 10.865210250643695, 19.014117516987113, 33.27491556234573, 58.23140645709484], "y_q95": [3.806576230287005e-07, 6.649570340712767e-07, 1.160060051552507e-06, 2.02213440486012e-06, 3.5259025544173388e-06, 6.145480724075657e-06, 1.0710315007403477e-05, 1.865912995319084e-05, 3.252553087576725e-05, 5.666964947019987e-05, 9.877282807017159e-05, 0.00017219046826822356, 0.00030013062503423223, 0.0005232408501438939, 0.0009121002287833676, 0.0015905595273527449, 0.002773729858096674, 0.004836719629679057, 0.008437564521817998, 0.014714024772603496, 0.025666889333018507, 0.044772015372618434, 0.07811838854808512, 0.13630719744966166, 0.2378670866054754, 0.4150596334825965, 0.7244276158404866, 1.2647216300081965, 2.2078835880438783, 3.854854172058573, 6.730458122970916, 11.754237124611201, 20.527874828719952, 35.85696093490836, 62.641983758458075], "y_mean": [3.303584079398516e-07, 5.758507113510575e-07, 1.0046025202391192e-06, 1.7531679667662225e-06, 3.060683606077086e-06, 5.343870044011886e-06, 9.32972486584354e-06, 1.628969254518593e-05, 2.8440101638143816e-05, 4.9660140618336395e-05, 8.671196781019401e-05, 0.00015140306110961342, 0.00026436138836635336, 0.0004615612833934978, 0.0008059347289058155, 0.0014072650838105201, 0.0024571755639324947, 0.004290327811233068, 0.007490771173863425, 0.013077973026984758, 0.02283235474593857, 0.03986160302270049, 0.06959315791570486, 0.12150046197387447, 0.2121236689016463, 0.3703504871088385, 0.6465590063763235, 1.1288314671871047, 1.9709128162339136, 3.440805838145424, 6.007218644463919, 10.488314153660761, 18.310281712390008, 31.966260026013607, 55.80795095471996]}