{"y_mean": [88.0, 153.0, 268.0, 470.0, 821.0, 1440.0, 2519.0, 4404.5, 7713.5, 13494.0, 23620.0, 41350.5, 72375.0, 126661.5, 221592.0, 387743.5, 678533.5, 1187243.0, 2078050.5, 3636450.5, 6363923.5, 11137543.0, 19490730.5, 34107161.5, 59687775.0, 104454073.5, 182799035.0, 319896479.5, 559820404.5, 979689759.0, 1714458189.5, 3000290685.0, 5250523826.0, 9188428350.5, 16079724829.5], "y_q5": [82.0, 141.0, 245.0, 427.0, 745.0, 1301.0, 2277.0, 4000.8999999999996, 6997.65, 12245.25, 21411.3, 37463.399999999994, 65591.7, 114673.25, 200592.65, 351148.35, 614684.3, 1075382.05, 1882293.9, 3294388.9499999997, 5766135.3, 10089506.9, 17656965.35, 30900871.85, 54076323.35, 94635599.75, 165609775.2, 289821525.25, 507188471.7, 887578706.75, 1553263560.2, 2718211699.25, 4756864517.549999, 8324535315.65, 14567976760.1], "y_q95": [92.0, 164.0, 288.04999999999995, 508.0, 888.05, 1560.0, 2723.1000000000004, 4768.2, 8330.05, 14596.55, 25560.7, 44754.7, 78361.84999999999, 137102.09999999998, 240041.95, 420027.10000000003, 735096.4500000001, 1286455.05, 2251066.4, 3939266.25, 6893716.4, 12064969.15, 21112440.349999998, 36948697.400000006, 64657065.25, 113151691.05, 198016693.79999998, 346530138.15000004, 606426636.5, 1061240558.0, 1857161218.8, 3250017814.0, 5687566416.1, 9953176519.55, 17418097448.6]}