{"y_q5": [0.0005146013449948974, 0.000874456883293123, 0.0014863466593011453, 0.0025267281803041885, 0.004295008361864075, 0.007301267576725013, 0.012412275585193006, 0.021100001175651986, 0.03586966604409797, 0.06097802193334358, 0.1036615788617414, 0.1762239150798483, 0.2995850355634799, 0.5092884194743976, 0.8657951878873567, 1.4718490678734688, 2.502167786288353, 4.2537184493083, 7.231321426313527, 12.293329749211601, 20.89862660102904, 35.52764681439465, 60.396728405933764, 102.67422160326274, 174.54595061253502, 296.7278341038315, 504.4371838119597, 857.5436001282924, 1457.8235666820706, 2478.2994812917314, 4213.108708321256, 7162.285237792809, 12175.885047640833, 20699.00358743769, 35188.30013433397], "y_q95": [0.0005160204292143891, 0.0008775298227943717, 0.0014919754054021255, 0.002536734216946997, 0.004312638319729662, 0.0073315754750789075, 0.012464883248513497, 0.021190858031437713, 0.03602461267174849, 0.061241329274242695, 0.10411148630481716, 0.1769881567252202, 0.3008867930582765, 0.5115056108755393, 0.8695666182833705, 1.4782573260451515, 2.5130244109179145, 4.272175963649586, 7.262674483605245, 12.346555783747549, 20.989119821144083, 35.68152976226226, 60.65884067846318, 103.12005896987309, 175.30416433112956, 298.01660274804846, 506.627982001415, 861.2679509521389, 1464.1556730334999, 2489.065668389359, 4231.41360297123, 7193.40321722453, 12228.78327349034, 20788.928545703362, 35341.175988845695], "y_q5_2": [2.4234921146716804e-07, 4.0315753752512e-07, 6.82033428144e-07, 1.1518786786432e-06, 1.9490999746515198e-06, 3.3192293503008e-06, 5.6381430059903995e-06, 9.59999940858688e-06, 1.634136937534621e-05, 2.7780888721129473e-05, 4.720141168006979e-05, 8.032110651372646e-05, 0.00013643093570624512, 0.00023202155817224349, 0.00039436582351037576, 0.000671116194841191, 0.0011403626199904806, 0.0019388200636965656, 0.003297274694248845, 0.005605120614592492, 0.009528864231409364, 0.016196743580656335, 0.02752945391502152, 0.04679488595835053, 0.079553918180819, 0.13523501979633948, 0.22991410231217865, 0.3908457912422277, 0.6644236909023654, 1.1295553033465142, 1.9202299857006744, 3.2643571804952494, 5.549444807829818, 9.434062226918149, 16.03785923497875], "y_mean": [0.0005152883800015146, 0.0008760188914065568, 0.0014891623964184918, 0.0025315731942147394, 0.004303526353129658, 0.007316268068380628, 0.012437532798667017, 0.02114288774073965, 0.03594389371240167, 0.061105813475834034, 0.10387631920847432, 0.17659380029861482, 0.3002102933462425, 0.5103453730436377, 0.8675971744640614, 1.4749116474385071, 2.507351910705326, 4.2624891914013805, 7.246168539260562, 12.318488101485515, 20.94132887068126, 35.60024074664491, 60.52053859480779, 102.88504206032239, 174.90456663192003, 297.33785509794006, 505.47443286603857, 859.3068703008398, 1460.8223437174115, 2483.397403243639, 4221.7755485558555, 7177.018558444992, 12200.931098420384, 20741.585330196925, 35260.69751629849], "y_mean_2": [2.576570728544e-07, 4.395326536928e-07, 7.456898814374399e-07, 1.26706654650752e-06, 2.15371000309472e-06, 3.6678242135744e-06, 6.24136368243776e-06, 1.059728384351744e-05, 1.80208388014048e-05, 3.0653613520472e-05, 5.2175557253016e-05, 8.864464247079583e-05, 0.0001506399654592451, 0.0002560595990027027, 0.0004353025308084669, 0.0007397364874246631, 0.0012580637052560192, 0.0021387249708634763, 0.0036355079541190967, 0.006179663907268173, 0.010504431812609915, 0.017859653083516606, 0.030360611959741338, 0.051617925206535624, 0.08774869304698907, 0.14917225074069698, 0.25359278715593503, 0.4311103047326611, 0.7328774666915489, 1.2458914213200767, 2.1180155002100234, 3.600626054657658, 6.121034343466123, 10.405751419573292, 17.689818007146425], "y_q95_2": [2.728133712576e-07, 4.7287651017984e-07, 8.0934633473088e-07, 1.391499756397792e-06, 2.370596633244512e-06, 4.040820717277152e-06, 6.887173557398112e-06, 1.1692629529116703e-05, 1.988824632766307e-05, 3.380475952148131e-05, 5.742190994528368e-05, 9.764445246261599e-05, 0.00016610999923939135, 0.0002825403804468057, 0.00048044071558690907, 0.0008167241176675897, 0.0013887982977704057, 0.0023610828731738392, 0.004013341438894246, 0.006822694117101379, 0.011598263535561685, 0.019714322650344895, 0.03351895765718112, 0.05697779569414657, 0.09685989516330146, 0.16466763297523365, 0.2799453044841633, 0.47590842794695665, 0.8090409401680709, 1.3753986204146558, 2.338186597224099, 3.9748671984352963, 6.75728810286741, 11.487404833960502, 19.528503395811967]}